Id;Label;True Community;Detected Community;
0;LONDON , Death;null;0
1;Britain;null;0
2;Thanatos;null;0
3;John Lennon;null;0
4;Apple Records;null;0
5;Che Guevara;null;0
6;Bolivia;null;0
7;Beatrice Howald;null;0
8;SMH;null;0
9;Swiss;null;0
10;Swatch;null;0
11;Che;null;0
12;Cuban;null;0
13;British;null;0
14;London;null;0
15;U.S.A.;null;0
17;Havana;null;0
16;U.S.;null;0
19;Cuba;null;0
18;Joe Grahame;null;0
21;Walt Disney;null;0
20;the post;null;0
23;St. George;null;0
22;stone;null;0
25;Thames;null;0
24;Gravesend;null;0
27;English;null;0
26;Pocahontas;null;0
29;James I;null;0
28;England;null;0
31;David Willey;null;0
30;John Smith:0;1;1961
34;States;null;0
35;Australia;null;0
32;From America;null;0
33;Canada;null;0
38;Chawton Cottage;null;0
39;Hampshire;null;0
36;Disney;null;0
37;BBC;null;0
42;Jane Austen;null;0
43;Anna Pavlova;null;0
40;Tom Carpenter;null;0
41;Jane Austen House museum;null;0
46;Russia;null;0
47;Ms.;null;0
44;Russian;null;0
45;Jean Thomassen;null;0
51;director;null;0
50;Green cemetery;null;0
49;Golder;null;0
48;Pavlova;null;0
55;Cambridgeshire;null;0
54;Sellars;null;0
53;Peter Sellars;null;0
52;Sigumund Freud;null;0
59;Oscar;null;0
58;Lion King;null;0
57;Beast;null;0
56;doctor;null;0
63;Eric Goldberg;null;0
62;Mike Gabriel;null;0
61;Stephen Schwartz;null;0
60;Alan Menken;null;0
68;Mel Gibson;null;0
69;Sword;null;0
70;Robin Hood;null;0
71;Under Fire;null;0
64;Powhatan;null;0
65;Irene Bedard;null;0
66;Captain;null;0
67;John Smith:1;1;1951
76;Canadian;null;0
77;Anglo;null;0
78;Max McQueen;null;0
79;The Tribune;null;0
72;Arthur Dong;null;0
73;Mina Shum;null;0
74;Sandra Oh;null;0
75;Chinese;null;0
85;Paramus Mall;null;0
84;New Jersey;null;0
87;Grandmother;null;0
86;Anita Garlick;null;0
81;the New York Times;null;0
80;Mesa, Arizona;null;0
83;Nylite;null;0
82;Dr.;null;0
93;Sgt.;null;0
92;Romania;null;0
95;Arad;null;0
94;Daniel Ranca;null;0
89;bullets;null;0
88;John Smith:2;1;1921
91;STUFF UP BUCHAREST, Romania;null;0
90;arrows;null;0
102;America;null;0
103;Dick Vitale;null;0
100;HBO;null;0
101;Republican;null;0
98;Belu;null;0
99;GEORGE CARLIN;null;0
96;Hungary;null;0
97;Tita;null;0
110;Kansas City Star;null;0
111;Jack Kevorkian;null;0
108;Rogaine;null;0
109;Bill Tammeus;null;0
106;Dave Letterman;null;0
107;ESPN;null;0
104;Dennis Rodman;null;0
105;Gatorade;null;0
119;Clinton;null;0
118;Mr.;null;0
117;Mikhail Gorbachev;null;0
116;Chechnya;null;0
115;Boris Yeltsin;null;0
114;Toddler Bell;null;0
113;Bob Dole;null;0
112;Colin Powell;null;0
127;GENUINE New York Times;null;0
126;WIRE WANDERERS;null;0
125;GOOD DAY;null;0
124;Oelwein;null;0
123;Ilse;null;0
122;Aunt;null;0
121;Pentagon;null;0
120;Washington, D.C.;null;0
137;New Hampshire;null;0
136;Maine;null;0
139;Green Mountain;null;0
138;Vermont;null;0
141;Nashua;null;0
140;George Pettinico;null;0
143;Massachusetts;null;0
142;Brattleboro;null;0
129;John Smith:3;1;1921
128;New York, N.Y. 10036;null;0
131;John Smith:4;1;1921
130;STORRS, Conn.;null;0
133;New England;null;0
132;Roper Center for Public Policy Research;null;0
135;Chris Barnes;null;0
134;Mason-Dixon;null;0
152;Barbara Ziegler;null;0
153;Morrisville, Vt;null;0
154;New York;null;0
155;Ziegler;null;0
156;Yorktown Heights;null;0
157;Cheryl Beauregard;null;0
158;Berlin, Mass. Beauregard;null;0
159;Florida;null;0
144;Connecticut;null;0
145;Rhode Island;null;0
146;New Englanders;null;0
147;Barnes;null;0
148;Americans;null;0
149;Rhode Islanders;null;0
150;Pettinico;null;0
151;Roper Center;null;0
171;Christopher Columbus;null;0
170;LOS ANGELES;null;0
169;University of Connecticut;null;0
168;New England Council;null;0
175;Columbia University;null;0
174;Mark Carnes;null;0
173;Hollywood;null;0
172;Indian;null;0
163;Park Street;null;0
162;Thomas O'Connor;null;0
161;professor;null;0
160;Boston College;null;0
167;president;null;0
166;Peter Meade;null;0
165;American;null;0
164;O'Connor;null;0
186;Columbus;null;0
187;Paradise;null;0
184;sampling;null;0
185;Europeans;null;0
190;Discovery;null;0
191;Tom Selleck;null;0
188;Ridley;null;0
189;Scott;null;0
178;Nancy Page Fernandez;null;0
179;associate professor;null;0
176;John Ford;null;0
177;Man Who Shot Liberty Valance;null;0
182;Fernandez;null;0
183;Carnes;null;0
180;California State University;null;0
181;Northridge;null;0
205;Mrs.;null;0
204;bomb;null;0
207;Al Pacino;null;0
206;Early America;null;0
201;Mohicans;null;0
200;Sherman Oaks;null;0
203;Revolution;null;0
202;James Fenimore Cooper;null;0
197;K Caruso;null;0
196;John Smith:5;1;1961
199;Tower Video;null;0
198;Disneyfied Powhatan;null;0
193;Pepe le Pew;null;0
192;China;null;0
195;Pamela Anderson;null;0
194;Colonial America;null;0
220;Davy Crockett;null;0
221;Jim Bowie;null;0
222;Richard Widmark;null;0
223;Col.;null;0
216;U.S. Navy;null;0
217;New Orleans;null;0
218;Alamo;null;0
219;John Wayne;null;0
212;George Washington;null;0
213;Thomas Jefferson;null;0
214;Buccaneer;null;0
215;Jean Laffite;null;0
208;Nastassja Kinski;null;0
209;Mohawk;null;0
210;Henry Fonda;null;0
211;Ben Franklin;null;0
239;West;null;0
238;Nation;null;0
237;Ku Klux Klan;null;0
236;Ida B. Wells;null;0
235;Lincoln;null;0
234;Great Depression;null;0
233;Bill & Ted;null;0
232;Abraham Lincoln;null;0
231;African-American;null;0
230;Gettysburg;null;0
229;Turner Network Television;null;0
228;Ken Burns;null;0
227;PBS;null;0
226;Texas;null;0
225;Laurence Harvey;null;0
224;William Travis;null;0
254;TNT;null;0
255;Mary Lou Retton;null;0
252;Pat Garrett;null;0
253;West Was Won;null;0
250;Guns;null;0
251;Kris Kristofferson;null;0
248;Gun;null;0
249;Emilio Estevez;null;0
246;Little Bighorn;null;0
247;Paul Newman;null;0
244;Little Big Man;null;0
245;Evan Connell;null;0
242;Gen.;null;0
243;Custer;null;0
240;Australian;null;0
241;Errol Flynn;null;0
275;Clyde;null;0
274;Grapes of Wrath;null;0
273;California;null;0
272;Gipper;null;0
279;Little Boy;null;0
278;Life and Times of Rosie the Riveter;null;0
277;Billie Holiday;null;0
276;singer;null;0
283;Kirk Douglas;null;0
282;John Belushi;null;0
281;Glenn Miller Story;null;0
280;Longest Day;null;0
287;Dalton Trumbo;null;0
286;Screenwriter;null;0
285;United States;null;0
284;Roman Empire;null;0
258;Elia Kazan;null;0
259;Greek;null;0
256;Jewish;null;0
257;Manhattan;null;0
262;Western Front;null;0
263;German;null;0
260;Man;null;0
261;Alexander Graham Bell;null;0
266;James Stewart;null;0
267;Charles Lindbergh;null;0
264;Chicago;null;0
265;Orson Welles;null;0
270;Ronald Reagan;null;0
271;George Gipp;null;0
268;St. Louis;null;0
269;Knute Rockne;null;0
305;Oliver Stone;null;0
304;Karen Silkwood;null;0
307;Abe Lincoln;null;0
306;JFK;null;0
309;Robert Redford;null;0
308;Mississippi;null;0
311;FedEx;null;0
310;Dustin Hoffman;null;0
313;AT;null;0
312;Airborne;null;0
315;COSCO;null;0
314;NO EXTRA CHARGE;null;0
317;Virginia Beach;null;0
316;New York Times Special Features;null;0
319;Anne County;null;0
318;Princess;null;0
288;senator;null;0
289;Crassus;null;0
290;Sen.;null;0
291;Joseph McCarthy;null;0
292;Lee Shagin;null;0
293;Calabasas High School;null;0
294;Gideon;null;0
295;Alfred Hitchcock;null;0
296;Wrong;null;0
297;Korean;null;0
298;Steel;null;0
299;Alcatraz;null;0
300;Vietnam;null;0
301;Green Berets;null;0
302;Stanley Kubrick;null;0
303;Caruso;null;0
343;Melissa Etheridge;null;0
342;James Taylor;null;0
341;3550 Cellar Door Way;null;0
340;Virginia Beach Amphitheater;null;0
339;Temptations;null;0
338;Huey Lewis;null;0
337;Willie Nelson;null;0
336;Neptune;null;0
351;Baltimore;null;0
350;Ruppert;null;0
349;Natural Forces;null;0
348;John Ruppert;null;0
347;Arts;null;0
346;Virginia Beach Center;null;0
345;Rusted Root;null;0
344;Lenny Kravitz;null;0
326;French;null;0
327;Adm.;null;0
324;Jamestown;null;0
325;Cape Henry;null;0
322;North America;null;0
323;James River;null;0
320;Capt.;null;0
321;John Smith:6;1;1961
334;North Carolina;null;0
335;Virginia Marine Science Museum;null;0
332;Cavalier Hotel;null;0
333;Chesapeake Bay;null;0
330;Yorktown;null;0
331;Norfolk;null;0
328;Francois Joseph Paul;null;0
329;Grasse;null;0
373;Adam Thoroughgood House, 1636 Parrish Road;null;0
372;Old Cape Henry Lighthouse;null;0
375;Breakers Resort Inn;null;0
374;STAY Ambassador Suites, 2315 Atlantic;null;0
369;Army;null;0
368;Booth Blvd.;null;0
371;Capes;null;0
370;First Landing Cross;null;0
381;Cavalier;null;0
380;European;null;0
383;42d Street;null;0
382;Hill;null;0
377;Western Beach Quarters Inn, 300 Atlantic;null;0
376;16th Street;null;0
379;Idlewhyle, 2705 Atlantic;null;0
378;Croatan Beach;null;0
356;Fort Story;null;0
357;Little Island Park;null;0
358;Sandbridge;null;0
359;Spanish;null;0
352;Atlantic;null;0
353;Rudee Inlet;null;0
354;40th Street;null;0
355;North End;null;0
364;False Cape;null;0
365;Back Bay;null;0
366;Virginia Marine Science Museum, 717;null;0
367;General;null;0
360;Bay National Wildlife Refuge;null;0
361;Sandpiper Road;null;0
362;False Cape State Park;null;0
363;Bay;null;0
410;Kansas City;null;0
411;Europe;null;0
408;The New York Times Syndicate;null;0
409;Pacific;null;0
414;282-942;null;0
415;Latin America;null;0
412;Asia;null;0
413;Paris;null;0
402;Tautogs Restaurant;null;0
403;oil;null;0
400;Pier House Seafood;null;0
401;15th Street;null;0
406;Joseph Cosco;null;0
407;Norfolk, Va.;null;0
404;Seattle Expresso;null;0
405;coffee;null;0
395;Lynnhaven River;null;0
394;Steiny;null;0
393;Thalia Road;null;0
392;Thalia Acres Inn;null;0
399;Ocean Eddie;null;0
398;Italian;null;0
397;Laskin Road;null;0
396;Pani;null;0
387;Richard Nixon;null;0
386;Bob Hope;null;0
385;Zelda Fitzgerald;null;0
384;F. Scott;null;0
391;Steinhilber;null;0
390;North;null;0
389;57th Street;null;0
388;Ramada Plaza Resort;null;0
440;Baloo;null;0
441;Aristocats;null;0
442;Duchess;null;0
443;Alley Cat;null;0
444;Eva Gabor;null;0
445;Robin;null;0
446;John;null;0
447;Kevin Costner;null;0
432;Dalmatians;null;0
433;Arch villainess;null;0
434;Cruella DeVil;null;0
435;Rudyard Kipling;null;0
436;India;null;0
437;Sebastian Cabot;null;0
438;Bagheera;null;0
439;Phil Harris;null;0
425;Alice;null;0
424;Lewis Carroll;null;0
427;Indians;null;0
426;Peter Pan;null;0
429;prince;null;0
428;Charming;null;0
431;Tchaikovsky;null;0
430;Phillip;null;0
417;Fever;null;0
416;Hunchback of Notre Dame;null;0
419;Bach;null;0
418;Snow White;null;0
421;Spring;null;0
420;Schubert;null;0
423;Alice In Wonderland;null;0
422;Mickey;null;0
478;Levine;null;0
479;John Smith:8;1;1951
476;mine;null;0
477;God;null;0
474;Kevin Lauderdale;null;0
475;lance;null;0
472;John Smith:7;1;1951
473;Filler;null;0
470;rock;null;0
471;Englishman;null;0
468;Goofy;null;0
469;Max;null;0
466;African;null;0
467;king;null;0
464;Sultan;null;0
465;Shakespeare;null;0
463;Williams;null;0
462;Robin Williams;null;0
461;Broadway;null;0
460;Erik;null;0
459;Ariel;null;0
458;Little Mermaid;null;0
457;Holmes;null;0
456;Vincent Price;null;0
455;Basil of Baker Street;null;0
454;Sherlock Holmes;null;0
453;Great Mouse Detective;null;0
452;Bob Newhart;null;0
451;Woozies;null;0
450;A.A. Milne;null;0
449;Pooh;null;0
448;Winnie the Pooh;null;0
508;James I.;null;0
509;Kelso;null;0
510;National Geographic Society;null;0
511;James Axtell;null;0
504;William Kelso;null;0
505;Association for the Preservation of Virginia Antiquities;null;0
506;Queen;null;0
507;Elizabeth I;null;0
500;gunshot;null;0
501;Jamestown Island;null;0
502;Gov.;null;0
503;George Allen;null;0
496;Virginia;null;0
497;weapons;null;0
498;copper;null;0
499;swords;null;0
493;chief;null;0
492;John Smith:9;1;1961
495;Edward Everett;null;0
494;Smith;null;0
489;Palm Beach Post;null;0
488;Emily J. Minor;null;0
491;James Fort;null;0
490;Virginia Company;null;0
485;Alexander;null;0
484;Yadi Cox;null;0
487;Mary;null;0
486;Miss;null;0
481;Ana;null;0
480;Nancy Bivona;null;0
483;Bivona;null;0
482;Katie;null;0
550;East Texas;null;0
551;spooning;null;0
548;executives;null;0
549;Goulden;null;0
546;rifle;null;0
547;OED;null;0
544;Mitford M. Mathews;null;0
545;Americanisms;null;0
558;John Smith:10;1;1961
559;Herman Melville;null;0
556;MSNBC;null;0
557;SAM;null;0
554;surface-to-air missiles;null;0
555;Steve Johnson;null;0
552;Jerry;null;0
553;Iraqis;null;0
567;Masterson;null;0
566;David Richards;null;0
565;Jericho;null;0
564;Jeremiah;null;0
563;ship;null;0
562;Ahab;null;0
561;Peleg;null;0
560;Moby Dick;null;0
575;Kenneth Feld Walt Disney;null;0
574;Uniondale, N.Y.;null;0
573;Nassau;null;0
572;East Rutherford, N.J.;null;0
571;Continental Airlines Arena;null;0
570;muskets;null;0
569;Madison Square Garden;null;0
568;NEW YORK , Tomorrow;null;0
516;Huguenots;null;0
517;Charlesfort;null;0
518;South Carolina;null;0
519;St. Augustine;null;0
512;William;null;0
513;Williamsburg, Va.;null;0
514;John Rolfe;null;0
515;Roanoke Island;null;0
524;Kuwait;null;0
525;John M.;null;0
526;Malchese;null;0
527;Shalikashvili;null;0
520;Mexico;null;0
521;STORY CAN END HERE;null;0
522;OPTIONAL MATERIAL FOLLOWS;null;0
523;Department of Defense;null;0
533;Fox Drive-In Theater;null;0
532;rural East Texas;null;0
535;Shali;null;0
534;Scout Lake;null;0
529;Joint Chiefs of Staff;null;0
528;chairman;null;0
531;Joseph C. Goulden;null;0
530;Army Times;null;0
541;Poland;null;0
540;JCS;null;0
543;Dean A. Grennell;null;0
542;silver;null;0
537;artillery;null;0
536;A.I.M.;null;0
539;bullet;null;0
538;Shilly-Shally;null;0
610;Moreland Avenue Shelter;null;0
611;Fred Dresch;null;0
608;Janice Harris-Corry;null;0
609;Harris-Corry;null;0
614;Dresch;null;0
615;Presbyterian;null;0
612;Icon;null;0
613;Psalms;null;0
618;stones;null;0
619;Cherokee;null;0
616;Decatur;null;0
617;Georgia;null;0
622;manager;null;0
623;Atlanta;null;0
620;John Smith:12;1;1961
621;Amy Richter Case;null;0
627;AIDS;null;0
626;Richter;null;0
625;Emory University;null;0
624;Amy Richter;null;0
631;Garry Schumacher;null;0
630;executive;null;0
629;New York Giants;null;0
628;Willie Mays;null;0
635;Parkesdale Farm;null;0
634;Creek Strawberry Shortcake;null;0
633;DESSERT Cross;null;0
632;Giants;null;0
639;Marjorie Kinnan Rawlings;null;0
638;Creek Cookery;null;0
637;Cheryl Meeks;null;0
636;Plant City, Fla.;null;0
576;John Smith:11;1;1951
577;gold;null;0
578;Governor;null;0
579;Ratcliffe;null;0
580;Meeko;null;0
581;Flit;null;0
582;ships;null;0
583;Grandmother Willow;null;0
584;Sarah Kawaraha;null;0
585;Minnie Mouse;null;0
586;Alistair Cooke;null;0
587;Joanna Ng;null;0
588;Armen Saakian;null;0
589;Kocoum;null;0
590;Chief Powhatan;null;0
591;Masterpiece Collection;null;0
593;Jerry Bilik;null;0
592;Kenneth Feld;null;0
595;Alyna Kalinich-Clegg;null;0
594;LeRoy Bennett;null;0
597;Karen Wann;null;0
596;Robert Little;null;0
599;Stan Beard;null;0
598;directors;null;0
601;Bilik;null;0
600;Donn Wilkerson;null;0
603;Ship Donahue;null;0
602;Sergie Petrovski;null;0
605;Doug Barnhart;null;0
604;Ratcliff;null;0
607;Latino;null;0
606;Wiggins;null;0
687;Dallas;null;0
686;Colorado;null;0
685;Roenick;null;0
684;Jeremy Roenick;null;0
683;Keith Tkachuk;null;0
682;Oleg Tverdovsky;null;0
681;defenseman;null;0
680;Kariya;null;0
679;Selanne;null;0
678;Paul Kariya;null;0
677;Teemu Selanne;null;0
676;Kris King;null;0
675;assistant captain;null;0
674;America West Arena;null;0
673;Phoenix;null;0
672;Coyotes;null;0
702;USS Discovery;null;0
703;USS;null;0
700;firearms;null;0
701;USS Godspeed;null;0
698;Spaniards;null;0
699;musket;null;0
696;Butterball;null;0
697;Chrysler-Plymouth Rock;null;0
694;Colonial Williamsburg;null;0
695;John Smith:16;1;1961
692;Ron Wilson;null;0
693;JAMESTOWN, Va.;null;0
690;Tkachuk;null;0
691;Coach;null;0
688;Detroit;null;0
689;Edmonton, St. Louis;null;0
653;Larissa Zamotina;null;0
652;John Smith:14;1;1961
655;Sarah Kawahara;null;0
654;Nakoma;null;0
649;Ng;null;0
648;L.A. Sports Arena;null;0
651;Sergei Petrovski;null;0
650;judge;null;0
645;DESSERT Strawberry Cake;null;0
644;Cheryl;null;0
647;Woodland Hills;null;0
646;John Smith:13;1;1961
641;DESSERT;null;0
640;sugar;null;0
643;Parkesdale;null;0
642;Parkesdale Farms Strawberry Pecan;null;0
668;Anaheim;null;0
669;Walt Disney Co.;null;0
670;Stanley;null;0
671;Cup;null;0
664;Gardena Spring Trophy;null;0
665;Taiwan;null;0
666;Kawahara;null;0
667;John Smith:15;1;1851
660;Rim;null;0
661;World High School;null;0
662;Lake Arrowhead;null;0
663;Skate Canada;null;0
656;musical director;null;0
657;Cindy Stuart;null;0
658;Terry;null;0
659;San Fernando Valley;null;0
747;Roscoe Larue Wood;null;0
746;Gothicism;null;0
745;Breuer;null;0
744;Twain;null;0
751;Cram;null;0
750;Ralph Adams Cram;null;0
749;Massachusetts Institute of Technology;null;0
748;Indiana;null;0
739;John Smith:18;1;1961
738;Great Falls;null;0
737;Bess Truman;null;0
736;Luger;null;0
743;Freud;null;0
742;Wood;null;0
741;Rocky Wood;null;0
740;Little Falls;null;0
762;Killen;null;0
763;John Rick;null;0
760;Alton, Ill.;null;0
761;Garretson;null;0
766;Szukis;null;0
767;Northeast;null;0
764;Meader;null;0
765;Hudson Valley;null;0
754;Royal Academy;null;0
755;W.F. Fletcher;null;0
752;University of Michigan;null;0
753;Sweden;null;0
758;Kansas;null;0
759;Albany, N.Y.;null;0
756;Agriculture Department Farmers' Bulletin;null;0
757;John Smith:19;1;1961
713;National Society of Newspaper Columnists;null;0
712;Williamsburg;null;0
715;New York City;null;0
714;East Indies;null;0
717;Philadelphia;null;0
716;Franklin;null;0
719;Doofus;null;0
718;San Francisco;null;0
705;Panama Canal;null;0
704;Susan Constant;null;0
707;Windy City;null;0
706;columnist;null;0
709;Irish;null;0
708;O'Hare International Airport;null;0
711;John Smith:17;1;1961
710;Jamestown, Colonial Williamsburg;null;0
728;Cabin John, Md.;null;0
729;Chesapeake & Ohio Canal;null;0
730;Marine Corps;null;0
731;Cheyenne, Wyo.;null;0
732;Philadelphia Cream Cheese;null;0
733;Major;null;0
734;Riner;null;0
735;Buffalo Bill;null;0
720;Idaho;null;0
721;Doofus2;null;0
722;Daniel Boone;null;0
723;Wyoming;null;0
724;Gatehouse;null;0
725;Potomac;null;0
726;shingles;null;0
727;Washington;null;0
821;Parker;null;0
820;Omnicom Group;null;0
823;Parker Pens;null;0
822;Collett Dickinson Pearce & Partners;null;0
817;Blade;null;0
816;Apple Computer;null;0
819;TBWA;null;0
818;Louise;null;0
829;United Kingdom;null;0
828;Interpublic Group of Cos.;null;0
831;Collett Dickinson Pearce;null;0
830;UK;null;0
825;Penelope Keith;null;0
824;actress;null;0
827;director of creative communications;null;0
826;Barry Day;null;0
804;Newcastle Brown Ale;null;0
805;Theakston;null;0
806;Ice;null;0
807;John Smith:20;2;1561
800;Parson of Charterhouse Tilney;null;0
801;U.K;null;0
802;Holsten;null;0
803;Miller Pilsner;null;0
812;Ridley Scott;null;0
813;Alan Parker;null;0
814;Hugh Hudson;null;0
815;Adrian Lyne;null;0
808;Sir;null;0
809;John Smith:21;2;1561
810;George Bernard Shaw;null;0
811;Museum of Modern Art;null;0
791;Centre Parcs;null;0
790;Waverley Vintners;null;0
789;chief executive;null;0
788;Brian Stewart;null;0
787;Alick Rankin;null;0
786;Chairman Sir;null;0
785;Charterhouse Tilney Securities;null;0
784;Nigel Parson;null;0
799;Homespreads;null;0
798;Chef & Brewer;null;0
797;Rat & Parrot;null;0
796;Pontin;null;0
795;France;null;0
794;Goldman Sachs;null;0
793;Colin Davies;null;0
792;Benelux;null;0
774;CEO;null;0
775;Stewart;null;0
772;Florence;null;0
773;Persimmon;null;0
770;Dooley;null;0
771;Slate;null;0
768;Hicks;null;0
769;Pieper;null;0
782;Foster;null;0
783;Brewing Group Ltd.;null;0
780;S&N;null;0
781;U.K.;null;0
778;Newcastle;null;0
779;Edinburgh;null;0
776;Bloomberg;null;0
777;Scottish;null;0
881;district attorney;null;0
880;Santa Clara County;null;0
883;Don Davis;null;0
882;Cadence;null;0
885;Gerry Hsu;null;0
884;Davis;null;0
887;Mitch Igusa;null;0
886;Prosecutors;null;0
889;Symbad, Froute, Groute;null;0
888;Coopers & Lybrand LLP;null;0
891;senior criminal investigator;null;0
890;Qplace;null;0
893;Igusa;null;0
892;John Smith:25;11;1851
895;Gerald Chien-Kuo Hsu;null;0
894;Eric Cho;null;0
864;Dermott Carr;null;0
865;Nikko International Plc;null;0
866;Scottish & Newcastle;null;0
867;Carlsberg-Tetley;null;0
868;Bass Plc;null;0
869;Finance Director;null;0
870;Derek Wilkinson;null;0
871;Wilkinson;null;0
872;Carlsberg;null;0
873;Bass and Whitbread Plc;null;0
874;John Smith:23;2;1561
875;Beck;null;0
876;Adds;null;0
877;John Smith:24;2;1561
878;San Jose, California;null;0
879;Cadence Design Systems Inc.;null;0
851;Laurel;null;0
850;John Smith:22;2;1561
849;Boase Massimi Pollitt;null;0
848;Bigg;null;0
855;Manhattan Landing;null;0
854;Richard Loncraine;null;0
853;GGT Group for Holsten Pils;null;0
852;Hardy;null;0
859;Abbott Mead Vickers BBDO;null;0
858;Omnicom;null;0
857;Tony Kaye;null;0
856;Saatchi & Saatchi for British Airways;null;0
863;Center Parcs;null;0
862;Scottish & Newcastle Plc;null;0
861;MTV;null;0
860;Volvo;null;0
834;alumnus;null;0
835;John Cleese;null;0
832;Peter Bigg;null;0
833;Monty Python;null;0
838;Cleese;null;0
839;Cordiant PLC;null;0
836;Saatchi & Saatchi;null;0
837;Calvin Klein;null;0
842;Swimmer;null;0
843;John Cheever;null;0
840;Levi;null;0
841;Bartle Bogle Hegarty;null;0
846;Laurence Kardish;null;0
847;Kardish;null;0
844;Yosemite National Park;null;0
845;Ansel Adams;null;0
956;Daniel Kline;null;0
957;Niagara Falls, N.Y.;null;0
958;wah-wah pedal;null;0
959;Bosnian Serbs;null;0
952;Ford;null;0
953;Probe;null;0
954;Germany;null;0
955;Pvt. 1st Class;null;0
948;Thomas;null;0
949;John Smith:27;13;1961
950;Carmel, N.Y.;null;0
951;Putnam County;null;0
944;Muslim;null;0
945;Tuzla;null;0
946;Serb;null;0
947;Camp Pat;null;0
941;Bosnian;null;0
940;William F. Briscoe;null;0
943;Camp Demi;null;0
942;Clark D. Carr;null;0
937;Sarajevo;null;0
936;ammunition;null;0
939;Lt. Col.;null;0
938;commander;null;0
933;Dayton;null;0
932;12th Infantry;null;0
935;Bosnian Serb;null;0
934;NATO;null;0
929;Omaha;null;0
928;Steven Strait;null;0
931;4th Battalion;null;0
930;Charlie Company;null;0
926;staff sergeant;null;0
927;Alden, Minn.;null;0
924;Bosnia;null;0
925;Larry Thomas;null;0
922;KLADANJ, Bosnia-Herzegovina;null;0
923;mines;null;0
920;Balboa Naval Hospital;null;0
921;San Diego;null;0
918;Grossmont Hospital;null;0
919;La Mesa, Calif.;null;0
916;Centrus Home Health Care;null;0
917;Plymouth;null;0
914;Halifax;null;0
915;James Keene;null;0
912;John Smith:26;12;1961
913;Bridgewater;null;0
911;Taunton, Mass.;null;0
910;Ellis;null;0
909;San Diego County;null;0
908;Shalimar A. Ellis;null;0
907;California Board of Registered Nursing;null;0
906;Halifax, Mass.;null;0
905;morphine;null;0
904;San Jose Municipal Court;null;0
903;Jien-Shen Tsai;null;0
902;Wuu;null;0
901;Mitsuru Igusa;null;0
900;Stephen Tzyh-Lih Wuu;null;0
899;vice president;null;0
898;Liao;null;0
897;Yuh-Zen Liao;null;0
896;Shiaoli Leigh Huang;null;0
1016;pistols;null;0
1017;Hickey (Walken;null;0
1018;Writer/director;null;0
1019;Geronimo;null;0
1020;Texas Ranger;null;0
1021;Hudson Hawk;null;0
1022;John Smith:30;14;1961
1023;Chicago South, i.e.;null;0
1008;Ry Cooder;null;0
1009;Gary Wissner;null;0
1010;Arthur Sarkissian;null;0
1011;New Line Cinema;null;0
1012;Japanese;null;0
1013;Demi Moore;null;0
1014;Willis-Moore;null;0
1015;John Smith:29;14;1961
1001;Giorgio Carmonte;null;0
1000;Hickey;null;0
1003;Lucy Kolinski;null;0
1002;Doyle;null;0
1005;Ryuzo Kikushima;null;0
1004;Felina;null;0
1007;Freeman Davies;null;0
1006;Akira Kurosawa;null;0
993;Karina Lombard;null;0
992;David Patrick Kelly;null;0
995;Alexandra Powers;null;0
994;Leslie Mann;null;0
997;guardian;null;0
996;Lloyd Ahern;null;0
999;Ed Galt;null;0
998;Sheriff;null;0
986;Mifune;null;0
987;West Texas;null;0
984;Toshiro Mifune;null;0
985;Willis;null;0
990;Bruce Dern;null;0
991;Michael Imperioli;null;0
988;Sam Peckinpah;null;0
989;Christopher Walken;null;0
978;Dashiell Hammett;null;0
979;James M. Cain;null;0
976;John Smith:28;14;1961
977;Bruce Willis;null;0
982;Kurosawa;null;0
983;Wild West;null;0
980;Wanda;null;0
981;Walter Hill;null;0
971;Carr;null;0
970;Chaplain;null;0
969;ministers;null;0
968;Persian Gulf;null;0
975;nail;null;0
974;machine gun;null;0
973;Joliet, Ill.;null;0
972;Hector Rodriguez;null;0
963;Briscoe;null;0
962;Colonel;null;0
961;anti-tank mine;null;0
960;Croat;null;0
967;Seattle;null;0
966;Stephen Kessler;null;0
965;rifles;null;0
964;M-16;null;0
1100;Land Securities Plc;null;0
1101;British Land Co.;null;0
1102;Land Securities;null;0
1103;British Land;null;0
1096;Centre for Economics;null;0
1097;Independent;null;0
1098;Jolowicz;null;0
1099;Bank of England;null;0
1092;FT-SE 100 Index;null;0
1093;Boots Co. Plc;null;0
1094;Great Universal Stores;null;0
1095;Kingfisher Plc;null;0
1088;Bank of Ireland;null;0
1089;Northern Rock Building;null;0
1090;Nat Jolowicz;null;0
1091;Quilter & Co. Ltd.;null;0
1117;Rolls-Royce Plc;null;0
1116;Nikkei 225 Index;null;0
1119;Aerospace Engineering Design Corp.;null;0
1118;Panamanian;null;0
1113;Hong Kong;null;0
1112;Asian;null;0
1115;Japan;null;0
1114;Hang Seng Index;null;0
1109;Dow;null;0
1108;Dow Jones Industrial Average;null;0
1111;SmithKline Beecham Plc;null;0
1110;Glaxo Wellcome Plc;null;0
1105;National Power Plc;null;0
1104;Financial Times;null;0
1107;John Smith:34;16;1961
1106;Scottish Power Plc;null;0
1134;Barclays;null;0
1135;Morris-Jones;null;0
1132;NatWest;null;0
1133;Martin Taylor;null;0
1130;Times;null;0
1131;Barclays Plc;null;0
1128;BTR;null;0
1129;National Westminster Bank Plc;null;0
1126;BTR Plc;null;0
1127;Owens-Illinois Inc.;null;0
1124;Legal & General;null;0
1125;Prudential;null;0
1122;Credit Lyonnais Laing;null;0
1123;Prudential Corp.;null;0
1120;Saudi Arabian Air Force;null;0
1121;Legal & General Group Plc;null;0
1151;Sachs & Co. TI Group Plc;null;0
1150;Goldman;null;0
1149;Neil Shah;null;0
1148;analyst;null;0
1147;Blue Circle Industries Plc;null;0
1146;John Smith:36;16;1961
1145;Knight;null;0
1144;Nomura Research Institute Europe Ltd.;null;0
1143;Nick Knight;null;0
1142;Nikkei;null;0
1141;John Smith:35;16;1961
1140;FT-SE 250;null;0
1139;FT-SE 100;null;0
1138;Eurofighter;null;0
1137;Sunday Times;null;0
1136;British Aerospace Plc;null;0
1032;AUSTIN, Texas;null;0
1033;David Sibley;null;0
1034;Texas Senate;null;0
1035;Sibley;null;0
1036;Senate;null;0
1037;R-Waco;null;0
1038;Texas HMO Association;null;0
1039;Mona Taylor;null;0
1024;Warner;null;0
1025;Sergio Leone;null;0
1026;Warriors;null;0
1027;Ned Eisenberg;null;0
1028;Kelly;null;0
1029;Eleanor Ringel;null;0
1030;Atlanta Journal;null;0
1031;John Smith:31;14;1961
1049;Troy Fraser;null;0
1048;R-Lubbock;null;0
1051;Fraser;null;0
1050;R-Horseshoe Bay;null;0
1053;House Insurance Committee;null;0
1052;Tracy King of Texans for Quality Health Care;null;0
1055;John Smithee;null;0
1054;Rep.;null;0
1041;Louisiana;null;0
1040;Taylor;null;0
1043;Diane Caywood;null;0
1042;Tarrant;null;0
1045;R-Bryan;null;0
1044;Steve Ogden;null;0
1047;Robert Duncan;null;0
1046;House;null;0
1066;Robin Evans;null;0
1067;Save & Prospers Financial Securities Fund;null;0
1064;Royal Bank of Scotland;null;0
1065;Big Four;null;0
1070;Birmingham;null;0
1071;English Midlands;null;0
1068;Life Assurance Society;null;0
1069;Abbey National Plc;null;0
1058;john smith:32;15;1881
1059;fund manager;null;0
1056;R-Amarillo;null;0
1057;Smithee;null;0
1062;Royal Bank;null;0
1063;Birmingham Midshires;null;0
1060;Royal Bank of Scotland Plc;null;0
1061;Birmingham Midshires Building;null;0
1083;Mike Jackson;null;0
1082;Wolverhampton;null;0
1081;Robert Fleming & Co.;null;0
1080;Morgan;null;0
1087;Bristol & West Plc;null;0
1086;Woolwich Plc and Alliance & Leicester Plc;null;0
1085;Halifax Plc;null;0
1084;Tesco Plc;null;0
1075;John Smith:33;16;1851
1074;Royal Bank officials;null;0
1073;Birmingham Midshire;null;0
1072;George Mathewson;null;0
1079;J.P.;null;0
1078;Mathewson;null;0
1077;FT-SE Banks;null;0
1076;Henry Cooke Lumsden;null;0
1221;Scotts Valley;null;0
1220;US <Equity> CN;null;0
1223;William F. Miller;null;0
1222;Borland International Inc.;null;0
1217;John Smith:38;18;1961
1216;NI AUT;null;0
1219;US <Equity> GPO;null;0
1218;Brian Lysaght;null;0
1229;Pixar Inc.;null;0
1228;Richmond;null;0
1231;Pixar;null;0
1230;Michael Stroud;null;0
1225;Dan Morrison;null;0
1224;Philippe Kahn;null;0
1227;US <Equity> GPO D.;null;0
1226;Borland;null;0
1236;Motorola Inc.;null;0
1237;Motorola;null;0
1238;Heather Green;null;0
1239;IBM;null;0
1232;US <Equity> GP;null;0
1233;NI ENT;null;0
1234;Schaumburg;null;0
1235;Illinois;null;0
1244;David Sklaver;null;0
1245;Rich;null;0
1246;Sklaver;null;0
1247;Karen Fessler;null;0
1240;IBM <INDEX> GPO;null;0
1241;NI HWY;null;0
1242;Wells;null;0
1243;Rich Greene BDDP Advertising;null;0
1255;US <Equity> BQ;null;0
1254;NI FOD;null;0
1253;Tom Murphy;null;0
1252;Union City, California;null;0
1251;Grand Ice Cream Inc.;null;0
1250;Dreyer;null;0
1249;Oakland;null;0
1248;NI ADV;null;0
1263;Dow Jones;null;0
1262;Speaker;null;0
1261;R-Georgia;null;0
1260;Newt Gingrich;null;0
1259;House Speaker;null;0
1258;NI DEF;null;0
1257;Todd Blecher;null;0
1256;House of Representatives;null;0
1270;Neil Roland;null;0
1271;SEC;null;0
1268;Commissioner;null;0
1269;Democratic;null;0
1266;Bill Clinton;null;0
1267;Republican nomination for Securities and Exchange;null;0
1264;FCC;null;0
1265;SEC-NOMINATIONS;null;0
1278;Fidel Castro;null;0
1279;Securities and Exchange Commission;null;0
1276;Miles Weiss;null;0
1277;Broadcasting System Inc.;null;0
1274;MGM;null;0
1275;UA Communications Co.;null;0
1272;The Securities and Exchange Commission;null;0
1273;Giancarlo Parretti;null;0
1153;EG&G;null;0
1152;EG&G Inc.;null;0
1155;French Plc;null;0
1154;TI;null;0
1157;Saab;null;0
1156;Asia Pacific;null;0
1159;John Smith:37;18;1961
1158;General Motors Corp.;null;0
1161;Indonesia;null;0
1160;North American;null;0
1163;Oldsmobile Intrigue;null;0
1162;Cadillac Catera;null;0
1165;Chevrolet Malibu;null;0
1164;Pontiac;null;0
1167;Ford Motor Co.;null;0
1166;G. Richard Wagoner;null;0
1168;Chrysler Corp.;null;0
1169;Chevrolet Cavalier;null;0
1170;Wagoner;null;0
1171;Ronald Zarrella;null;0
1172;Zarrella;null;0
1173;Bausch & Lomb Inc.;null;0
1174;Saturn;null;0
1175;Saab Automobile AB;null;0
1176;Swedish;null;0
1177;BBN U.S. Newspaper Budget;null;0
1178;Sikeston, Missouri;null;0
1179;Betsy Rosen;null;0
1180;Dave Liedtka;null;0
1181;PSA;null;0
1182;Bloomberg Municipal Bond Yield;null;0
1183;NI MNB;null;0
1187;New York Exchange;null;0
1186;New York Stock Exchange;null;0
1185;CAP;null;0
1184;NYSE;null;0
1191;American Stock Exchange;null;0
1190;NI USS;null;0
1189;NI SCR;null;0
1188;Scott Schnipper;null;0
1195;Sachs & Co.;null;0
1194;Paul Jacobson;null;0
1193;Deutsche Morgan Grenfell;null;0
1192;JACOBSON-GRENFELL-GOLDMAN;null;0
1199;Ken Kohn;null;0
1198;U.S. Treasury;null;0
1197;Deutsche Bank AG;null;0
1196;Jacobson;null;0
1202;American Institute of Certified Public Accountants;null;0
1203;John Pickering;null;0
1200;Mike Streeto;null;0
1201;Ted Hampton;null;0
1206;Chrysler;null;0
1207;Corp. Chairman;null;0
1204;NI;null;0
1205;NI CNG;null;0
1210;Jerome York;null;0
1211;York;null;0
1208;Robert Eaton;null;0
1209;chief financial officer;null;0
1214;C US <Equity> GP;null;0
1215;C US <Equity> CN;null;0
1212;Eaton;null;0
1213;Noelle Knox;null;0
1375;Delaware;null;0
1374;Wilmington;null;0
1373;Mike McKee;null;0
1372;Tom Ferraro;null;0
1371;Steve Forbes;null;0
1370;Carrick Mollenkamp;null;0
1369;Adam Levy;null;0
1368;Hidden Valley Resort;null;0
1367;Dawsonville;null;0
1366;SMALLBIZ-BARE-SPOTS;null;0
1365;Vincent Del Giudice;null;0
1364;US;null;0
1363;Katherine Burton;null;0
1362;John Meriwether;null;0
1361;Term Capital Management;null;0
1360;Marthe Fourcade;null;0
1358;Brian Rooney;null;0
1359;Larry Levinson;null;0
1356;CNBC;null;0
1357;N.Y. Times;null;0
1354;Dole;null;0
1355;Cochran;null;0
1352;Robert Dole;null;0
1353;Thad Cochran;null;0
1350;Mike McCurry;null;0
1351;human rights;null;0
1348;George Bush;null;0
1349;White House;null;0
1346;ATMI;null;0
1347;James Fitzgibbons;null;0
1344;Mullin;null;0
1345;American Textile Manufacturers Institute;null;0
1405;PepsiCo Inc.;null;0
1404;FRITO-LAY-FTC;null;0
1407;Justice Department;null;0
1406;Frito-Lay;null;0
1401;Harveys Casino Resorts;null;0
1400;Nevada;null;0
1403;Iowa;null;0
1402;Council Bluffs;null;0
1397;Coldwell Banker Corp.;null;0
1396;HFS Inc.;null;0
1399;Lake Tahoe;null;0
1398;John Gorham;null;0
1393;West Publishing Co.;null;0
1392;Thomson Corp.;null;0
1395;HFS;null;0
1394;Betsy Kuller;null;0
1388;lieutenant governor;null;0
1389;Columns & Commentary;null;0
1390;SPOTLIGHT-THOMSON;null;0
1391;Toronto;null;0
1384;General Electric Co.;null;0
1385;Hal Paul;null;0
1386;MERRILL-INDIANA;null;0
1387;Merrill Lynch & Co.;null;0
1380;Federal Reserve;null;0
1381;Zimri Smith;null;0
1382;Dan Weil;null;0
1383;DOW-100-YEARS;null;0
1376;Features DOLLAR;null;0
1377;Japanese Ministry of Finance;null;0
1378;wheat;null;0
1379;Tim Coulter;null;0
1307;Bloomberg Michigan Index;null;0
1306;Corp.;null;0
1305;Kmart;null;0
1304;Michigan;null;0
1311;Taurus;null;0
1310;Alex Trotman;null;0
1309;Standard & Poor's;null;0
1308;Michigan Index;null;0
1299;Wall Street;null;0
1298;General Motors;null;0
1297;John Smith Jr.;null;0
1296;Motor City;null;0
1303;john smith:40;18;1961
1302;Compensation;null;0
1301;john smith:39;18;1851
1300;Explorer;null;0
1290;Bob Brennan;null;0
1291;senior editor;null;0
1288;Roberto Dias;null;0
1289;media editor;null;0
1294;BBN;null;0
1295;Chris Vinyard;null;0
1292;Princeton, N.J.;null;0
1293;Andrew Galvin;null;0
1282;Information International Inc.;null;0
1283;James Groberg;null;0
1280;Lynne Marek;null;0
1281;Volt Information Sciences Inc.;null;0
1286;US Equity;null;0
1287;US Equity CN;null;0
1284;David Zielenziger;null;0
1285;Volt Information;null;0
1337;NAM;null;0
1336;National Association of Manufacturers;null;0
1339;National Retail Federation;null;0
1338;Jerry Jasinowski;null;0
1341;Co.;null;0
1340;J.C. Penney;null;0
1343;Tracy Mullin;null;0
1342;WalMart;null;0
1329;Donna Gibbs;null;0
1328;Nike;null;0
1331;Chris Villiers;null;0
1330;Boeing Co.;null;0
1333;Airbus Industrie;null;0
1332;Boeing;null;0
1335;John Smith:42;18;1921
1334;General Motors Chairman;null;0
1320;First Chicago NBD Corp.;null;0
1321;S&P 500;null;0
1322;john smith:41;18;1961
1323;Congress;null;0
1324;Pacific Basin Economic Council;null;0
1325;Pakistan;null;0
1326;Beijing;null;0
1327;MFN;null;0
1312;F-150;null;0
1313;Trotman;null;0
1314;Young & Rubicam Inc.;null;0
1315;Federal Trade Commission;null;0
1316;Mitsubishi Bank;null;0
1317;Schroder Wertheim;null;0
1318;GM Chairman;null;0
1319;CFSB Bancorp Inc.;null;0
1494;Walter Altherr;null;0
1495;Jardine Fleming Securities Ltd.;null;0
1492;Todd Zaun;null;0
1493;Mayumi Otsuma Tokyo;null;0
1490;Jeffrey N. Vinik;null;0
1491;NI FND;null;0
1488;Stephen Janachowski;null;0
1489;Bob Stansky;null;0
1502;Steve Dryden;null;0
1503;ISS-ACCOUNTS;null;0
1500;U.S. Export-Import Bank;null;0
1501;Three Gorges Dam;null;0
1498;john smith:44;18;1961
1499;Kourosh Karimkhany;null;0
1496;Yukiko Ohara;null;0
1497;UBS Securities;null;0
1479;Gold Club;null;0
1478;Maysville;null;0
1477;Bell Acres Recreation Enterprise;null;0
1476;Evan Bell;null;0
1475;Coca-Cola Co.;null;0
1474;McDonald's Corp.;null;0
1473;Hidden Valley;null;0
1472;Anita Ohlwiler;null;0
1487;Magellan;null;0
1486;Magellan Fund;null;0
1485;Fidelity Investments;null;0
1484;Boston;null;0
1483;Tim Quinson;null;0
1482;Fidelity;null;0
1481;promotional director;null;0
1480;Ed Levin;null;0
1524;South Korea;null;0
1525;Samsung Electronics Co.;null;0
1526;VISA;null;0
1527;EU;null;0
1520;Peabody & Co.;null;0
1521;Einstein Bros. Bagels Inc.;null;0
1522;Shannon Stevens;null;0
1523;Seoul;null;0
1532;Zurich;null;0
1533;John Smith:45;18;1961
1534;Reto Gregori;null;0
1535;Bangkok;null;0
1528;Brussels;null;0
1529;Visa International Inc;null;0
1530;European Union;null;0
1531;Edward Roussel;null;0
1509;Electronic Cash;null;0
1508;Jenny Tomkins;null;0
1511;Allan Doody;null;0
1510;Fred Winkler;null;0
1505;ISS;null;0
1504;Copenhagen;null;0
1507;US-JAPAN-INSURANCE;null;0
1506;Yvette Roper;null;0
1517;US-BONDS;null;0
1516;Robinson Clark;null;0
1519;Kidder;null;0
1518;Joseph Jett;null;0
1513;Visa International Inc.;null;0
1512;Derrick Ward;null;0
1515;Bank of Japan;null;0
1514;US-STOCKS;null;0
1426;Robert Kopstein;null;0
1427;john smith:43;18;1961
1424;Roanoke, Virginia;null;0
1425;Optical Cable Corp.;null;0
1430;MCM MoneyWatch;null;0
1431;Commerce Department;null;0
1428;Vincent Del Giudice Washington;null;0
1429;Astrid Adolfson;null;0
1434;Michael Smith;null;0
1435;finance ministry;null;0
1432;NI ECO;null;0
1433;Bonds Rise;null;0
1438;Sakakibara;null;0
1439;Ministry;null;0
1436;Bonds;null;0
1437;Eisuke Sakakibara;null;0
1411;Lear Corp.;null;0
1410;Southfield, Michigan;null;0
1409;LEAR-MASLAND;null;0
1408;Anne Marie Squeo;null;0
1415;Varity Corp.;null;0
1414;Lucas Industries Plc;null;0
1413;LUCAS-VARITY;null;0
1412;Masland Corp.;null;0
1419;Washington Report ECONOMY-SURVEY;null;0
1418;Sandy Hendry;null;0
1417;CHINA-CD-PIRATES;null;0
1416;Reed Landberg;null;0
1423;Forums OPTICAL-CABLE;null;0
1422;Features;null;0
1421;Dina Temple-Raston;null;0
1420;Federal Reserve Bank of Philadelphia;null;0
1456;Meriwether;null;0
1457;Bond trader;null;0
1458;Long Term Capital Management;null;0
1459;Greenwich, Connecticut;null;0
1460;vice chairman;null;0
1461;Salomon Brothers Inc.;null;0
1462;Michael Holland;null;0
1463;GM Chief Sees Overseas Sales;null;0
1464;Brian Lysaght Wilmington;null;0
1465;United Auto Workers;null;0
1466;Burnham Securities;null;0
1467;David Healy;null;0
1468;Southeast Asia;null;0
1469;central Europe;null;0
1470;Latin American;null;0
1471;Carrick Mollenkamp Dawsonville;null;0
1441;Yen;null;0
1440;finance unit chief;null;0
1443;HSBC Midland Bank;null;0
1442;David Ogg;null;0
1445;Nasdaq Composite Index;null;0
1444;Treasury;null;0
1447;Marc Monseau;null;0
1446;Abbott Labs;null;0
1449;Abbott Laboratories;null;0
1448;Abbott Park;null;0
1451;Bristol-Myers Squibb Co.;null;0
1450;Similac;null;0
1453;Abbott;null;0
1452;Mead Johnson;null;0
1455;NI DRG;null;0
1454;Rick Moser;null;0
1642;john smith:49;18;1851
1643;john smith:50;18;1851
1640;Scott Merlis;null;0
1641;Malmo, Switzerland;null;0
1646;Lordstown, Ohio;null;0
1647;john smith:51;18;1961
1644;Rochester, Michigan;null;0
1645;Al Alli;null;0
1634;GM;null;0
1635;GM Opel;null;0
1632;john smith:47;18;1851
1633;john smith:48;18;1851
1638;Mazda Motor Corp.;null;0
1639;Mazda;null;0
1636;Lincoln Merrihew;null;0
1637;McGraw-Hill;null;0
1659;Yokich;null;0
1658;General Motors Corp. Yokich;null;0
1657;Stephen Yokich;null;0
1656;chief executives;null;0
1663;Jack Laskowski;null;0
1662;Flint, Michigan;null;0
1661;financial secretary;null;0
1660;James Wheeler;null;0
1651;Harbour and Associates;null;0
1650;Chevrolet;null;0
1649;GMC;null;0
1648;Oldsmobile;null;0
1655;john smith:52;18;1961
1654;Lordstown;null;0
1653;UAW;null;0
1652;Nissan Motor Co.;null;0
1608;Gunnar Andersson;null;0
1609;Handelsbanken;null;0
1610;Keith Butler-Wheelhouse;null;0
1611;Robert Hendry;null;0
1612;Butler-Wheelhouse;null;0
1613;Smith Industries Plc;null;0
1614;Hendry;null;0
1615;Joel Manby;null;0
1600;Switzerland;null;0
1601;Nestle;null;0
1602;SA Chairman;null;0
1603;Helmut Maucher;null;0
1604;Stockholm;null;0
1605;Investor AB;null;0
1606;Investor;null;0
1607;Jaguar Plc;null;0
1625;Saab AB;null;0
1624;Nils-Ingmar Lundin;null;0
1627;Scania AB;null;0
1626;Scania;null;0
1629;Marcus Wallenberg;null;0
1628;Lundin;null;0
1631;deputy vice president;null;0
1630;Anders Rydin;null;0
1617;Auto chairman;null;0
1616;Louis Hughes;null;0
1619;Olle Axelsson;null;0
1618;Hughes;null;0
1621;Jaguar;null;0
1620;information chief;null;0
1623;Wallenberg;null;0
1622;Mark Tanner;null;0
1582;Roland Europe SpA;null;0
1583;EARNS-SOUTH-WEST-WATER;null;0
1580;WORLDCOM-FRANCE;null;0
1581;WorldCom Inc.;null;0
1578;LVMH-OUTLOOK;null;0
1579;LVMH Moet Hennessy Louis Vuitton SA;null;0
1576;Italy;null;0
1577;RATES-OF-RETURN;null;0
1574;Milan;null;0
1575;Mediaset SpA;null;0
1572;Metro Group;null;0
1573;MEDIASET-IPO;null;0
1570;Cologne;null;0
1571;Kaufhof Holding AG;null;0
1568;EARNS-METALLGESELLSCHAFT;null;0
1569;Metallgesellschaft AG;null;0
1599;Lausanne;null;0
1598;NESTLE-OUTLOOK;null;0
1597;American Chamber of Commerce;null;0
1596;John Smith:46;18;1961
1595;GM-CHAIRMAN;null;0
1594;Chrysler Europe;null;0
1593;Tim Adams;null;0
1592;CHRYSLER-EUROPE;null;0
1591;Telefonica SA;null;0
1590;Tabacalera SA;null;0
1589;Repsol SA;null;0
1588;Argentaria;null;0
1587;Spain;null;0
1586;Madrid;null;0
1585;SPAIN-APPOINTMENTS;null;0
1584;South West Water Plc;null;0
1548;U.S. Chamber of Commerce;null;0
1549;House Appropriations;null;0
1550;CFTC-BUDGET;null;0
1551;Commodity Futures Trading Commission;null;0
1544;Agriculture Secretary;null;0
1545;Dan Glickman;null;0
1546;Roger Runningen;null;0
1547;Glickman;null;0
1540;Conference Board;null;0
1541;Michelle Fay Cortez;null;0
1542;HIV;null;0
1543;Kristin Jensen;null;0
1536;Thailand;null;0
1537;Philippines;null;0
1538;Michael Di Cicco;null;0
1539;Midwest, Pacific;null;0
1565;Frankfurt;null;0
1564;BUNDESBANK-MEETING;null;0
1567;World Trade Organization;null;0
1566;WTO;null;0
1561;Prime Minister;null;0
1560;Benjamin Netanyahu;null;0
1563;Likud;null;0
1562;Shimon Peres;null;0
1557;Jerusalem;null;0
1556;EARNS-SOUTH-WEST WATER;null;0
1559;Likud Party;null;0
1558;Israeli;null;0
1553;Paul Sillitoe;null;0
1552;James B. Kelleher;null;0
1555;United Utilities Plc;null;0
1554;EARNS-UNITED-UTILITIES;null;0
1763;EARNS-SEARS;null;0
1762;EARNS-FORD;null;0
1761;Simon More;null;0
1760;Seena;null;0
1767;Houston;null;0
1766;EARNS-COMPAQ;null;0
1765;Sears, Roebuck;null;0
1764;Hoffman Estates;null;0
1771;David Evans;null;0
1770;Proposition 211;null;0
1769;Yahoo! Inc.;null;0
1768;Compaq Computer Corp.;null;0
1775;British Airways Plc;null;0
1774;chief rival;null;0
1773;Richard Branson;null;0
1772;Virgin Atlantic;null;0
1778;American Airlines Inc.;null;0
1779;Peter Robison;null;0
1776;Dutch;null;0
1777;Japan Airlines;null;0
1782;737;null;0
1783;Jennifer Thomas;null;0
1780;NTSB;null;0
1781;National Transportation Safety Board;null;0
1786;Air France;null;0
1787;Delta Air Lines Inc.;null;0
1784;Fuji Photo Film;null;0
1785;Raphael Minder;null;0
1790;Moscow;null;0
1791;Pioneer Group;null;0
1788;Continental Airlines Inc.;null;0
1789;Jacqueline Simmons;null;0
1729;Pontiac Sunfire;null;0
1728;Brown;null;0
1731;Chevrolet Lumina;null;0
1730;Oldsmobile Achieva;null;0
1733;Lobaccaro;null;0
1732;Monte Carlo;null;0
1735;Gary Malloy;null;0
1734;john smith:59;18;1961
1737;Chuck Hawkins;null;0
1736;john smith:60;18;1961
1739;Mountain View;null;0
1738;EARNS-SUN;null;0
1741;Margaret D. Williams;null;0
1740;Sun Microsystems;null;0
1743;Johnson & Johnson;null;0
1742;EARNS-DRUGS;null;0
1744;Merck & Co.;null;0
1745;Schering-Plough Corp.;null;0
1746;EARNS-CHEMICALS;null;0
1747;FMC Corp.;null;0
1748;Rohm & Haas Co.;null;0
1749;Elizabeth Kiesche;null;0
1750;General Motors Corp. Chairman;null;0
1751;Denver;null;0
1752;Rocky Mountains;null;0
1753;Democratic Party;null;0
1754;David Ward;null;0
1755;Sun Microsystems Inc.;null;0
1756;Robinson G. Clark;null;0
1757;Will Rugg;null;0
1758;Columns & Commentary LEGAL AFFAIRS;null;0
1759;FBI;null;0
1703;Engler;null;0
1702;John Engler;null;0
1701;Zachary;null;0
1700;Dearborn, Michigan;null;0
1699;Peter Zachary;null;0
1698;Max Fisher;null;0
1697;fundraiser;null;0
1696;Wyatt;null;0
1711;Finance Minister;null;0
1710;Ottawa;null;0
1709;Ste. Therese, Quebec;null;0
1708;Oshawa, Ontario;null;0
1707;General Motors of Canada Ltd.;null;0
1706;john smith:58;18;1961
1705;Ohio;null;0
1704;James Blanchard;null;0
1718;CSM Forecasting;null;0
1719;Farmington Hills, Michigan;null;0
1716;Wes Brown;null;0
1717;senior analyst;null;0
1714;Bear Stearns & Co.;null;0
1715;Oshawa;null;0
1712;Paul Martin;null;0
1713;Nicholas Lobaccaro;null;0
1726;Oklahoma City;null;0
1727;Oklahoma;null;0
1724;Windsor, Ontario;null;0
1725;Malibu;null;0
1722;Suburban;null;0
1723;St. Catharines;null;0
1720;CAW;null;0
1721;St. Catharines, Ontario;null;0
1669;United Automobile Workers;null;0
1668;john smith:54;18;1961
1671;Canadian Automobile Workers;null;0
1670;Alexander Trotman;null;0
1665;Lehman Brothers;null;0
1664;Joseph Phillippi;null;0
1667;john smith:53;18;1961
1666;Canadian Auto Workers;null;0
1677;Harry Pearce;null;0
1676;Richard Shoemaker;null;0
1679;Shoemaker;null;0
1678;J.T. Battenberg III;null;0
1673;Buzz) Hargrove;null;0
1672;Toronto, Basil;null;0
1675;St. Clair Shores, Mich.;null;0
1674;Hargrove;null;0
1684;University of California;null;0
1685;Berkeley;null;0
1686;Big 3;null;0
1687;Delphi Automotive Systems;null;0
1680;john smith:55;18;1961
1681;Michigan Wolverines;null;0
1682;Buffalos;null;0
1683;Harley Shaiken;null;0
1692;TNI AUT LABOR;null;0
1693;john smith:57;18;1851
1694;Linda Wyatt;null;0
1695;Northville, Michigan;null;0
1688;john smith:56;18;1851
1689;Buffaloes;null;0
1690;Princeton;null;0
1691;NI LABOR;null;0
1913;john smith:72;18;1961
1912;john smith:71;18;1961
1915;Lutheran Brotherhood;null;0
1914;Jim Walline;null;0
1917;Toni Simonetti;null;0
1916;Minneapolis;null;0
1919;john smith:73;18;1961
1918;Phillippi;null;0
1905;john smith:69;18;1961
1904;Mercedes;null;0
1907;john smith:70;18;1961
1906;Hughes Electronics Corp.;null;0
1909;Nicholas Colas;null;0
1908;Credit Suisse First Boston;null;0
1911;Class H;null;0
1910;Colas;null;0
1896;Toyota Motor Sales USA Inc.;null;0
1897;Toyota Motor Corp.;null;0
1898;Michels;null;0
1899;National Association of Minority Automobile Dealers;null;0
1900;Toyota Division;null;0
1901;Donna Boland;null;0
1902;Mercedes-Benz;null;0
1903;Boland;null;0
1888;Daimler-Benz AG;null;0
1889;Toyota Motor Co.;null;0
1890;Dick Colliver;null;0
1891;senior vice president;null;0
1892;Honda;null;0
1893;Mike Michels;null;0
1894;Torrance, California;null;0
1895;Lexus;null;0
1883;Mitsubishi Motor Manufacturing;null;0
1882;Equal Employment Opportunity Commission;null;0
1881;Kim Custer;null;0
1880;Mitsubishi Motors Corp.;null;0
1887;Honda Motor Co.;null;0
1886;Automotive News World Congress;null;0
1885;Normal, Illinois;null;0
1884;obscene phone calls;null;0
1875;PUSH Coalition;null;0
1874;Jesse Jackson;null;0
1873;Mitsubishi Motor Manufacturing of America;null;0
1872;Mitsubishi;null;0
1879;Mitsubishi Motor Sales of America;null;0
1878;Martin;null;0
1877;Lynn Martin;null;0
1876;Labor Secretary;null;0
1866;Gottschalk;null;0
1867;strategic planning;null;0
1864;Opel;null;0
1865;Basque;null;0
1870;Rev.;null;0
1871;Jackson;null;0
1868;Optimization;null;0
1869;john smith:68;18;1851
1858;john smith:67;18;1851
1859;Pearce;null;0
1856;Liesen;null;0
1857;john smith:66;18;1851
1862;Nueste Nachrichten;null;0
1863;Dresden;null;0
1860;Klaus Kocks;null;0
1861;Handelsblatt;null;0
1853;Klaus Liesen;null;0
1852;Neumann;null;0
1855;Smale;null;0
1854;Piech;null;0
1849;Hauer & Feld;null;0
1848;Strauss;null;0
1851;John Smale;null;0
1850;Thomas Gottschalk;null;0
1845;Darmstadt;null;0
1844;Wolfsburg, Germany;null;0
1847;Akin;null;0
1846;Robert Strauss;null;0
1841;Darmstadt, Germany;null;0
1840;Jens Neumann;null;0
1843;Cacheris;null;0
1842;Plato Cacheris;null;0
1836;Jose Ignacio Lopez de Arriortua;null;0
1837;Lopez;null;0
1838;Spaniard;null;0
1839;Ferdinand Piech;null;0
1832;john smith:65;18;1961
1833;Volkswagen AG;null;0
1834;VW;null;0
1835;Volkswagen;null;0
1828;john smith:64;18;1961
1829;G. Richard Wagoner Jr.;null;0
1830;J. Michael Losh;null;0
1831;Robert Lutz;null;0
1824;Joe Burkhamer;null;0
1825;Mexican;null;0
1826;COMP;null;0
1827;NI ALUCategory;null;0
1823;Fort Wayne;null;0
1822;Fort Wayne, Indiana;null;0
1821;Dean Witter Reynolds;null;0
1820;Ken Blaschke;null;0
1819;GMC Suburban;null;0
1818;Sean McAlinden;null;0
1817;Janesville;null;0
1816;United Auto;null;0
1815;Indianapolis;null;0
1814;Janesville, Wisconsin;null;0
1813;john smith:63;18;1851
1812;john smith:62;18;1851
1811;Chuck Licari;null;0
1810;Oldsmobile Cutlass;null;0
1809;Yvonne Smith;null;0
1808;Michigan State University;null;0
1806;Carl Forester;null;0
1807;Dale Brickner;null;0
1804;Pontiac, Michigan;null;0
1805;East Coast;null;0
1802;U.S. Agriculture Department;null;0
1803;john smith:61;18;1961
1800;Federal Communications Commission;null;0
1801;Liza McDonald;null;0
1798;Public Interest;null;0
1799;FCC-RULES;null;0
1796;Labor Department;null;0
1797;Monee Fields-White;null;0
1794;Rob Urban;null;0
1795;CPI;null;0
1792;Czech Republic;null;0
1793;Russians;null;0
2032;Tokyo;null;0
2033;Yamaichi Securities;null;0
2034;Ogawa Securities;null;0
2035;Hanabusa Midori;null;0
2036;Junko Fujita;null;0
2037;Features VEHICLE-RATES;null;0
2038;Beth Williams;null;0
2039;Laura Ashley Holdings;null;0
2040;Jonathan Standing;null;0
2041;Eurotunnel;null;0
2042;Channel Tunnel;null;0
2043;END;null;0
2044;BLOOMBERG NYTNS BUDGET;null;0
2045;Fed;null;0
2046;DISK-DRIVE-MAKERS;null;0
2047;Palo Alto;null;0
2017;deputy chief executive;null;0
2016;Steven Rattner;null;0
2019;Westinghouse Electric;null;0
2018;CBS;null;0
2021;Mel Karmazin;null;0
2020;Peter Lund;null;0
2023;John Smith:85;18;1961
2022;Kevin Shinkle;null;0
2025;Palmer Wireless;null;0
2024;Fort Myers, Florida;null;0
2027;Ralston Purina;null;0
2026;Price Communications;null;0
2029;Patrick McGinnis;null;0
2028;William Stiritz;null;0
2031;Noam Neusner;null;0
2030;Patrick Mulcahy;null;0
2002;john smith:80;18;1851
2003;Vauxhall;null;0
2000;Hughes Electronics;null;0
2001;DirecTV;null;0
2006;GM chief financial officer;null;0
2007;J Michael Losh;null;0
2004;Asia-Pacific;null;0
2005;john smith:81;18;1961
2010;john smith:83;18;1961
2011;Wilmington, Delaware;null;0
2008;Losh;null;0
2009;john smith:82;18;1851
2014;Beth Karlin;null;0
2015;Lazard Freres;null;0
2012;John Smith:84;18;1961
2013;Bloomberg News;null;0
1987;777;null;0
1986;Pratt & Whitney;null;0
1985;United Technologies;null;0
1984;David;null;0
1991;john smith:77;18;1921
1990;Ryutaro Hashimoto;null;0
1989;Sullivan;null;0
1988;Mark Sullivan;null;0
1995;john smith:79;18;1921
1994;Ron Woodard;null;0
1993;john smith:78;18;1921
1992;Li;null;0
1999;Revenue;null;0
1998;Healy;null;0
1997;General Motors Acceptance Corp.;null;0
1996;First Call Corp.;null;0
1972;Premier;null;0
1973;Li Peng;null;0
1974;Richard Gephardt;null;0
1975;Missouri;null;0
1968;Arnold Kanter;null;0
1969;senior associate;null;0
1970;Forum for International Policy;null;0
1971;Jiang Zemin;null;0
1980;Robert Kapp;null;0
1981;Kapp;null;0
1982;United Technologies Corp.;null;0
1983;George David;null;0
1976;House Democratic;null;0
1977;Democrats;null;0
1978;Kanter;null;0
1979;China Aviation Supplies Corp.;null;0
1957;Air China;null;0
1956;Buick Regal;null;0
1959;Lorraine Voles;null;0
1958;Gore;null;0
1953;Al Gore;null;0
1952;john smith:76;18;1961
1955;Shanghai Automotive Industry Corp.;null;0
1954;777-200;null;0
1965;People's Liberation Army;null;0
1964;Shanghai;null;0
1967;Tiananmen Square;null;0
1966;demonstrators;null;0
1961;Bill Whitlow;null;0
1960;Airbus Industrie of Europe;null;0
1963;Shanghai Automotive Industry;null;0
1962;Pacific Crest Securities;null;0
1942;purchasing chief;null;0
1943;john smith:75;18;1851
1940;J.P. Morgan Securities Inc.;null;0
1941;Associates;null;0
1938;navigation;null;0
1939;David Bradley;null;0
1936;Delco;null;0
1937;Raytheon Co.;null;0
1950;Fleetwood;null;0
1951;Catera;null;0
1948;Allison Transmission;null;0
1949;John F. Smith Jr.;null;0
1946;John Grettenberger;null;0
1947;GM Europe;null;0
1944;Cadillac;null;0
1945;general manager;null;0
1927;George Fisher;null;0
1926;Caterpillar Inc.;null;0
1925;Reagan;null;0
1924;Marina Whitman;null;0
1923;Lloyd Reuss;null;0
1922;Robert Rubin;null;0
1921;Treasury Secretary;null;0
1920;Argentina;null;0
1935;Delphi;null;0
1934;Delco Electronics Corp.;null;0
1933;john smith:74;18;1961
1932;ABB Asea Brown Boveri Ltd.;null;0
1931;Percy Barnevik;null;0
1930;Kodak;null;0
1929;Fisher;null;0
1928;Eastman Kodak Co.;null;0
2200;FT-SE;null;0
2201;NI AIR;null;0
2202;Dow Chemical;null;0
2203;South Africa;null;0
2204;Sentrachem;null;0
2205;Johannesburg;null;0
2206;Dow Chemical Co.;null;0
2207;Sentrachem Ltd.;null;0
2192;BA 1st-Quarter Profit Falls;null;0
2193;Strong Pound;null;0
2194;BA;null;0
2195;US Airways Group Inc.;null;0
2196;Chris Avery;null;0
2197;Paribas Capital Markets;null;0
2198;Avery;null;0
2199;British Airways;null;0
2185;Nigel Cobby;null;0
2184;HSBC;null;0
2187;Morgan Stanley;null;0
2186;executive director;null;0
2189;Discover & Co.;null;0
2188;Dean Witter;null;0
2191;Stock;null;0
2190;NI BNK;null;0
2177;john smith:99;18;1851
2176;john smith:98;18;1961
2179;Midland By;null;0
2178;HSBC Holdings;null;0
2181;HSBC Holdings Plc;null;0
2180;Peter Moreira;null;0
2183;Shanghai Banking Corp.;null;0
2182;Hongkong;null;0
2234;Heather Harris;null;0
2235;Julie Bain Bonn;null;0
2232;NI PUB;null;0
2233;Mark Propels;null;0
2238;PaineWebber International Ltd.;null;0
2239;Bundesbank;null;0
2236;Economics Ministry;null;0
2237;Alison Cottrell;null;0
2226;Pearson Plc;null;0
2227;Penguin;null;0
2224;Time Charges;null;0
2225;Dawn Hayes;null;0
2230;Anthony de Larrinaga;null;0
2231;Panmure Gordon & Co.;null;0
2228;Mindscape;null;0
2229;Pearson;null;0
2219;Stephen O'Sullivan;null;0
2218;Salomon Brothers International;null;0
2217;Sibneft;null;0
2216;AO;null;0
2223;Pearson 1st;null;0
2222;NI FINBIZ;null;0
2221;Federal Commission for the Securities Markets;null;0
2220;MC Securities;null;0
2211;William Stavropoulos;null;0
2210;Chief Executive Officer;null;0
2209;Saran;null;0
2208;Handi-Wrap;null;0
2215;Margaret Soares;null;0
2214;AO Sibneft;null;0
2213;NI CHM;null;0
2212;Nelson Mandela;null;0
2268;Finn;null;0
2269;Raytheon;null;0
2270;john smith:102;18;1961
2271;john smith:103;18;1961
2264;Dibella;null;0
2265;Jim Finn;null;0
2266;john smith:101;18;1961
2267;Standard and Poor;null;0
2260;john smith:100;18;1961
2261;Tom DiBella;null;0
2262;Aeltus Investment Management;null;0
2263;Hartford, Connecticut;null;0
2256;Oldest Person Dies;null;0
2257;NI FRA;null;0
2258;Iran;null;0
2259;NI IRAN;null;0
2253;NI CMP;null;0
2252;Held Treasury Services;null;0
2255;Palestinian;null;0
2254;Israelis;null;0
2249;Teamsters;null;0
2248;NI ISRAEL;null;0
2251;Oracle;null;0
2250;UPS;null;0
2245;NI EUROWRAP;null;0
2244;ABN Amro Hoare Govett;null;0
2247;Teva;null;0
2246;2nd;null;0
2241;European Markets;null;0
2240;NI GEECO;null;0
2243;Kevin Gaffney;null;0
2242;Larry King;null;0
2302;Delta;null;0
2303;Ron Allen;null;0
2300;Delta Airlines;null;0
2301;Leo Mullin;null;0
2298;Becky Estenssoro;null;0
2299;Jennifer Del Medico;null;0
2296;Westmont;null;0
2297;Becky Philips;null;0
2294;natural gas;null;0
2295;Mary Schlangenstein;null;0
2292;New Mexico;null;0
2293;Texaco;null;0
2290;Rachel Layne;null;0
2291;Hobbs;null;0
2288;Chestnut Hill, Massachusetts;null;0
2289;Harcourt General;null;0
2287;HARCOURT-ACQUISITION;null;0
2286;Rachel Flynn;null;0
2285;Ypsilanti, Michigan;null;0
2284;Greenspan;null;0
2283;Alan;null;0
2282;B.A.T Industries Plc;null;0
2281;West Palm Beach;null;0
2280;Robert Burgess;null;0
2279;Prudential Center office;null;0
2278;Prudential Insurance Co. of America;null;0
2277;Douglas Steinke;null;0
2276;Philip Boroff;null;0
2275;Gillette;null;0
2274;Kathleen Sullivan;null;0
2273;John Smith:104;18;1851
2272;Automotive;null;0
2065;SEC-TRADING-SYSTEMS;null;0
2064;Nora Macaluso;null;0
2067;PHILLY-EXCHANGE;null;0
2066;Instinet;null;0
2069;Arthur Levitt Jr.;null;0
2068;Philadelphia Stock Exchange;null;0
2071;john smith:86;18;1961
2070;BLOOMBERG NYTNS;null;0
2073;Reg McGhee;null;0
2072;Oldsmobile Cutlasses;null;0
2075;john smith:87;18;1851
2074;Cutlass;null;0
2077;Buffalo;null;0
2076;Buffalo, New York;null;0
2079;Hartmarx;null;0
2078;RCSB Financial Inc.;null;0
2048;Seagate Technology;null;0
2049;BOEING-747;null;0
2050;tanks;null;0
2051;Andrew Pratt;null;0
2052;CLINTON-BOEING;null;0
2053;McDonnell Douglas;null;0
2054;CLINTON-TRADE;null;0
2055;GM-MEETING;null;0
2056;Roger Madoff;null;0
2057;Japanese Finance Ministry;null;0
2058;Soybeans;null;0
2059;Susan Miller;null;0
2060;Lisa Kassenaar;null;0
2061;NASD-FINES;null;0
2062;National Association of Securities Dealers;null;0
2063;SUMMER-GASOLINE;null;0
2099;Mexico City;null;0
2098;TMM;null;0
2097;SanLuis;null;0
2096;john smith:89;18;1851
2103;Rio Grande;null;0
2102;J.P. Morgan Inc.;null;0
2101;Tom Dibble;null;0
2100;SanLuis Corp.;null;0
2107;Chamber of Deputies;null;0
2106;PRI;null;0
2105;Institutional Revolutionary Party;null;0
2104;Ernesto Zedillo;null;0
2111;Federal Open Market Committee;null;0
2110;National Action Party;null;0
2109;Democratic Revolutionary Party;null;0
2108;Zedillo;null;0
2082;RCSB;null;0
2083;Cleveland;null;0
2080;Bloomberg Buffalo Stock Index;null;0
2081;RCSB Financial;null;0
2086;Syracuse;null;0
2087;Niagara Mohawk Power Corp.;null;0
2084;Charter One Financial Inc.;null;0
2085;Rochester Community Savings Bank;null;0
2090;Margarita Del Angel Del Angel;null;0
2091;Reynoso, Mexico;null;0
2088;Niagara;null;0
2089;john smith:88;18;1961
2094;Roman Catholic;null;0
2095;Warren, Ohio;null;0
2092;Sister;null;0
2093;Martha Counihan;null;0
2133;Moet;null;0
2132;LVMH;null;0
2135;Guinness;null;0
2134;Hennessy Louis Vuitton;null;0
2129;Christine L. Overholt;null;0
2128;Beaverton, Oregon;null;0
2131;CUC International;null;0
2130;CUC;null;0
2141;ING Group;null;0
2140;Grand Union;null;0
2143;Yeltsin;null;0
2142;Raymond Frenken;null;0
2137;Features COFFEE-PRICES;null;0
2136;Grand Metropolitan;null;0
2139;Martin Howell;null;0
2138;Brazil;null;0
2116;Standard & Poor's Credit Corp.;null;0
2117;Moody's Investors Service;null;0
2118;S&P;null;0
2119;Moody's;null;0
2112;Jorge Sigg;null;0
2113;Grupo Financiero BBV;null;0
2114;Probursa SA;null;0
2115;Transportacion Maritima Mexicana SA;null;0
2124;Mejorada;null;0
2125;john smith:90;18;1961
2126;john smith:91;18;1961
2127;john smith:92;18;1961
2120;Far East;null;0
2121;Kansas City Southern Industries Inc.;null;0
2122;Northeast Railroad;null;0
2123;Pedro Mejorada;null;0
2167;Deere & Co.;null;0
2166;Moline, Illinois;null;0
2165;Purchasing Management Association;null;0
2164;Harris Bank/Bank of Montreal;null;0
2163;deputy chief economist;null;0
2162;Rick Egelton;null;0
2161;Midwestern;null;0
2160;Purchasing Management Association of Chicago;null;0
2175;Delco Electronics;null;0
2174;Nick Colas;null;0
2173;IBES International Inc.;null;0
2172;john smith:97;18;1961
2171;NAPM;null;0
2170;National Association of Purchasing Management;null;0
2169;Hans Becherer;null;0
2168;Deere;null;0
2150;Buicks;null;0
2151;Peugeot;null;0
2148;Buick Century;null;0
2149;Oldsmobile Cutlass Ciera;null;0
2146;Jeff Rothfeder;null;0
2147;john smith:93;18;1961
2144;RAO Gazprom;null;0
2145;John Ryan;null;0
2158;john smith:96;18;1961
2159;Midwest;null;0
2156;Electronic Data Systems Corp.;null;0
2157;john smith:95;18;1961
2154;john smith:94;18;1961
2155;Opel Astra;null;0
2152;Guangzhou;null;0
2153;Raytheon Corp.;null;0
2443;Armstrong;null;0
